{
  "paciente": [
    {
      "id": "2",
      "cpf": "123.789.456-70",
      "nome": "Joana da Silva Santos",
      "endereco": "Rua Padre Anchieta, 45 - Via Maria"
    },
    {
      "id": "3",
      "cpf": "587.412.412-54",
      "nome": "Laura Felix Rosa",
      "endereco": "Rua das Borboletas, 45 - Vila do Sol"
    },
    {
      "id": "4",
      "cpf": "444.555.888-77",
      "nome": "Jaqueline Horacio",
      "endereco": "Rua da Primavera, 41 - Bairro João de Barro"
    },
    {
      "id": "5",
      "cpf": "357.741.256-94",
      "nome": "Maria Madalena de Jesus",
      "endereco": "Rua Sol Nascente, 66 - Centro"
    }
  ],
  "medicamento": [
    {
      "id": "1",
      "formula": "Paracetamol",
      "quantidade": 100,
      "vencimento": "2024-12-31"
    },
    {
      "id": "2",
      "formula": "Ibuprofeno",
      "quantidade": 50,
      "vencimento": "2023-10-15"
    },
    {
      "id": "3",
      "formula": "Amoxicilina",
      "quantidade": 75,
      "vencimento": "2025-05-20"
    },
    {
      "id": "4",
      "formula": "Dipirona",
      "quantidade": 50,
      "vencimento": "2024-03-30"
    },
    {
      "id": "6",
      "formula": "Aspirina ",
      "quantidade": 41,
      "vencimento": "2024-05-12"
    },
    {
      "id": "7",
      "formula": "Dipirona 1g",
      "quantidade": 20,
      "vencimento": "2024-04-06"
    },
    {
      "id": "8",
      "formula": "Ibuprofeno 200mg",
      "quantidade": 12,
      "vencimento": "2024-05-30"
    },
    {
      "id": "0",
      "formula": "Azitromicina",
      "quantidade": 30,
      "vencimento": "2024-06-28"
    }
  ],
  "prescricao": [
    {
      "id": "536a",
      "data": "2024-04-29",
      "paciente": {
        "id": 1,
        "cpf": "789.456.123-87",
        "nome": "Antônio Pereira da Silva",
        "endereco": "Rua das Orquideas, 52 - Centro"
      },
      "medicamentos": [
        {
          "id": 3,
          "formula": "Amoxicilina",
          "quantidade": 15,
          "vencimento": "2025-05-20"
        },
        {
          "id": 4,
          "formula": "Dipirona",
          "quantidade": 12,
          "vencimento": "2024-03-30"
        }
      ]
    },
    {
      "id": "8c00",
      "data": "2024-05-05",
      "paciente": {
        "id": 5,
        "cpf": "357.741.256-94",
        "nome": "Maria Madalena de Jesus",
        "endereco": "Rua Sol Nascente, 66 - Centro"
      },
      "medicamentos": [
        {
          "id": 6,
          "formula": "Aspirina ",
          "quantidade": 12,
          "vencimento": "2024-05-12"
        }
      ]
    },
    {
      "id": "9f88",
      "data": "2024-05-05",
      "paciente": {
        "id": 3,
        "cpf": "587.412.412-54",
        "nome": "Laura Felix Rosa",
        "endereco": "Rua das Borboletas, 45 - Vila do Sol"
      },
      "medicamentos": [
        {
          "id": 3,
          "formula": "Amoxicilina",
          "quantidade": 14,
          "vencimento": "2025-05-20"
        },
        {
          "id": 4,
          "formula": "Dipirona",
          "quantidade": 24,
          "vencimento": "2024-03-30"
        }
      ]
    },
    {
      "id": "2dc2",
      "data": "2024-05-10",
      "medicamentos": [
        {
          "id": "6",
          "formula": "Aspirina ",
          "quantidade": 10,
          "vencimento": "2024-05-12"
        }
      ]
    },
    {
      "id": "391a",
      "data": "2024-05-10",
      "paciente": {
        "id": "2",
        "cpf": "123.789.456-70",
        "nome": "Joana da Silva Santos",
        "endereco": "Rua Padre Anchieta, 45 - Via Maria"
      },
      "medicamentos": [
        {
          "id": "6",
          "formula": "Aspirina ",
          "quantidade": 10,
          "vencimento": "2024-05-12"
        }
      ]
    },
    {
      "id": "ac8c",
      "data": "2024-05-10",
      "paciente": {
        "id": "2",
        "cpf": "123.789.456-70",
        "nome": "Joana da Silva Santos",
        "endereco": "Rua Padre Anchieta, 45 - Via Maria"
      },
      "medicamentos": []
    },
    {
      "id": "a285",
      "data": "2024-05-10",
      "paciente": {
        "id": "3",
        "cpf": "587.412.412-54",
        "nome": "Laura Felix Rosa",
        "endereco": "Rua das Borboletas, 45 - Vila do Sol"
      },
      "medicamentos": []
    },
    {
      "id": "7b0e",
      "data": "2024-05-10",
      "paciente": {
        "id": "",
        "cpf": "",
        "nome": "",
        "endereco": ""
      },
      "medicamentos": []
    },
    {
      "id": "0a15",
      "data": "2024-05-10",
      "paciente": {
        "id": "",
        "cpf": "",
        "nome": "",
        "endereco": ""
      },
      "medicamentos": []
    },
    {
      "id": "4a27",
      "data": "2024-05-10",
      "paciente": {
        "id": "2",
        "cpf": "123.789.456-70",
        "nome": "Joana da Silva Santos",
        "endereco": "Rua Padre Anchieta, 45 - Via Maria"
      },
      "medicamentos": []
    },
    {
      "id": "4114",
      "data": "2024-05-10",
      "paciente": {
        "id": "2",
        "cpf": "123.789.456-70",
        "nome": "Joana da Silva Santos",
        "endereco": "Rua Padre Anchieta, 45 - Via Maria"
      },
      "medicamentos": []
    },
    {
      "id": "c10a",
      "data": "2024-05-10",
      "paciente": {
        "id": "2",
        "cpf": "123.789.456-70",
        "nome": "Joana da Silva Santos",
        "endereco": "Rua Padre Anchieta, 45 - Via Maria"
      },
      "medicamentos": []
    },
    {
      "id": "f797",
      "data": "2024-05-10",
      "paciente": {
        "id": "2",
        "cpf": "123.789.456-70",
        "nome": "Joana da Silva Santos",
        "endereco": "Rua Padre Anchieta, 45 - Via Maria"
      },
      "medicamentos": [
        {
          "id": "6",
          "formula": "Aspirina ",
          "quantidade": 4,
          "vencimento": "2024-05-12"
        }
      ]
    },
    {
      "id": "7a99",
      "data": "2024-05-10",
      "paciente": {
        "id": "2",
        "cpf": "123.789.456-70",
        "nome": "Joana da Silva Santos",
        "endereco": "Rua Padre Anchieta, 45 - Via Maria"
      },
      "medicamentos": [
        {
          "id": "1",
          "formula": "Paracetamol",
          "quantidade": 2,
          "vencimento": "2024-12-31"
        }
      ]
    },
    {
      "id": "4b5d",
      "data": "2024-05-10",
      "paciente": {
        "id": "2",
        "cpf": "123.789.456-70",
        "nome": "Joana da Silva Santos",
        "endereco": "Rua Padre Anchieta, 45 - Via Maria"
      },
      "medicamentos": [
        {
          "id": "1",
          "formula": "Paracetamol",
          "quantidade": 2,
          "vencimento": "2024-12-31"
        },
        {
          "id": "3",
          "formula": "Amoxicilina",
          "quantidade": 4,
          "vencimento": "2025-05-20"
        },
        {
          "id": "6",
          "formula": "Aspirina ",
          "quantidade": 1,
          "vencimento": "2024-05-12"
        }
      ]
    }
  ]
}